Fold,Validation_MSE_Avg,Validation_RMSE_Avg,Wadell_Sphericity_RMSE,Convexity_RMSE,Krumbein_Sphericity_RMSE,Zingg_S_I_Ratio_RMSE,Zingg_I_L_Ratio_RMSE,Potticary_Flatness_RMSE,Potticary_Elongation_RMSE,Tensor_Compactness_RMSE,Tensor_Flakiness_RMSE
1,1.376984742811491e-06,0.0011734499319576831,0.0008786696,0.0012674246,0.0013055634,0.00048639573,0.0022022154,0.00041852333,0.0011544037,0.0012663848,0.0003347623
2,6.968830497310686e-06,0.0026398542568313666,0.0022404464,0.0032272674,0.0036165793,0.00029007983,0.0036269242,0.0003569359,0.0024914916,0.0037672783,0.00066251744
3,2.5177996302114355e-06,0.001586757583946406,0.0012859493,0.0021146953,0.0017322646,0.0002654197,0.0024247563,0.0003410606,0.0011544756,0.0023706893,0.0007173974
4,1.6559917653545388e-06,0.001286853435848286,0.0011996632,0.0014986477,0.0014688404,0.00058650697,0.0018009418,0.00064929837,0.0012165763,0.0018355171,0.00045071615
5,1.533237864664286e-05,0.003915658137100692,0.0030480335,0.005002343,0.004490175,0.00024068436,0.006098685,0.00024586223,0.0037861771,0.0055832407,0.0008341157
